{
  "best_global_step": null,
  "best_metric": null,
  "best_model_checkpoint": null,
  "epoch": 1.0,
  "eval_steps": 500,
  "global_step": 24,
  "is_hyper_param_search": false,
  "is_local_process_zero": true,
  "is_world_process_zero": true,
  "log_history": [
    {
      "epoch": 0.42105263157894735,
      "grad_norm": 10.677821159362793,
      "learning_rate": 3.650162594327881e-06,
      "logits/chosen": -0.5688021183013916,
      "logits/rejected": -0.5869237780570984,
      "logps/chosen": -172.85818481445312,
      "logps/rejected": -158.07945251464844,
      "loss": 0.6781,
      "rewards/accuracies": 0.5874999761581421,
      "rewards/chosen": 0.1047840267419815,
      "rewards/margins": 0.03703203797340393,
      "rewards/rejected": 0.06775198876857758,
      "step": 10
    },
    {
      "epoch": 0.8421052631578947,
      "grad_norm": 10.249825477600098,
      "learning_rate": 5.607217732389503e-07,
      "logits/chosen": -0.5648919343948364,
      "logits/rejected": -0.5778499245643616,
      "logps/chosen": -165.90249633789062,
      "logps/rejected": -158.19189453125,
      "loss": 0.6522,
      "rewards/accuracies": 0.637499988079071,
      "rewards/chosen": 0.2685299515724182,
      "rewards/margins": 0.10330742597579956,
      "rewards/rejected": 0.16522251069545746,
      "step": 20
    }
  ],
  "logging_steps": 10,
  "max_steps": 24,
  "num_input_tokens_seen": 0,
  "num_train_epochs": 1,
  "save_steps": 200,
  "stateful_callbacks": {
    "TrainerControl": {
      "args": {
        "should_epoch_stop": false,
        "should_evaluate": false,
        "should_log": false,
        "should_save": true,
        "should_training_stop": true
      },
      "attributes": {}
    }
  },
  "total_flos": 0.0,
  "train_batch_size": 1,
  "trial_name": null,
  "trial_params": null
}
